{"verts": [[0.27823292387637866, 0.6731197734314913, 0.5504444219489406], [1.0, 0.0, 0.2576565192551816], [0.422046679721816, 0.0, 0.9424770574950171], [0.9124665040009029, 0.4394209657319785, -0.0], [0.8249330080018058, 0.0, -0.6211854122087753], [0.9124665040009029, 2.1521448493247274e-18, -0.0], [-0.7799474303347215, -0.483444278830994, -0.0], [-1.012761932022466, 0.0, -0.0], [-0.6314468526269124, 0.7918087664978339, -0.0], [0.2253607328569716, 0.9873695503187574, -0.0], [0.9124665040009029, -0.4394209657319785, -0.0], [0.2253607328569716, -0.9873695503187574, -0.0], [-0.6314468526269124, -0.7918087664978339, -0.0], [-0.7891756289917398, 0.0, -0.666023217687051], [0.02867513506028989, -0.5877144296633471, -1.0322620431424978], [0.02867513506028989, 0.0, -1.0322620431424978], [-0.1587073307804815, 0.6731197734314913, -0.6333888351711773], [-0.4737169127015432, 0.0, 0.917594315308617], [-0.4737169127015432, -0.6873152120414554, 0.917594315308617], [0.3476404737553102, -0.7226874525121854, 0.917594315308617]], "elements": [[0, 1], [1, 2], [2, 0], [3, 1], [1, 0], [0, 3], [1, 3], [3, 4], [4, 1], [3, 5], [5, 1], [1, 3], [3, 5], [5, 4], [4, 3], [12, 13], [13, 7], [7, 6], [6, 12], [13, 14], [14, 12], [12, 13], [14, 13], [13, 15], [15, 14], [13, 16], [16, 15], [15, 13], [8, 16], [16, 13], [13, 8], [16, 8], [8, 9], [9, 16], [0, 8], [8, 9], [9, 0], [8, 0], [0, 17], [17, 8], [0, 17], [17, 2], [2, 0], [18, 2], [2, 17], [17, 18], [2, 18], [18, 19], [19, 2], [19, 11], [11, 18], [18, 19], [19, 10], [10, 11], [11, 19], [1, 19], [19, 10], [10, 1], [19, 1], [1, 2], [2, 19], [4, 10], [10, 1], [1, 4], [14, 4], [4, 10], [10, 14], [4, 14], [14, 15], [15, 4], [16, 15], [15, 4], [4, 16], [16, 4], [4, 3], [3, 16], [9, 3], [3, 16], [16, 9], [3, 9], [9, 0], [0, 3], [10, 4], [4, 5], [5, 10], [4, 1], [1, 5], [5, 4], [10, 1], [1, 5], [5, 10], [14, 10], [10, 11], [11, 14], [14, 12], [12, 11], [11, 14], [18, 11], [11, 12], [12, 18], [7, 18], [18, 12], [12, 6], [6, 7], [18, 7], [7, 17], [17, 18], [7, 17], [17, 8], [8, 7], [13, 7], [7, 8], [8, 13]]}
