{"verts": [[-0.0, -0.3308774366732588, -0.8620745881937901], [0.9804048934048908, -0.3308774366732588, 0.41187707131751694], [-0.9804048934048908, -0.3308774366732588, 0.41187707131751694], [-0.0, 1.0, -0.012773354861002903]], "elements": [[0, 3], [3, 1], [1, 0], [0, 1], [1, 2], [2, 0], [1, 3], [3, 2], [2, 1], [2, 3], [3, 0], [0, 2]]}
