{"verts": [[-0.26616498934972227, 0.778708328983637, -0.17873764778787402], [-0.9804203694613558, 0.1331051501144988, -0.18733027855085146], [-0.5146089826597042, -0.505206530985756, 0.7267038778560846], [0.09680047443155947, 0.23085404344069496, 1.0], [0.7403153548352706, 0.500408908474245, -0.1279157217645478], [-0.2501093902355055, 0.13761091725655952, -0.9354515429020729], [0.2327166759583584, -0.84028847926472, -0.31853414863301077], [0.954179595444924, -0.34139393145174723, -0.16851426959528945]], "elements": [[0, 1], [1, 2], [2, 3], [3, 0], [0, 3], [3, 4], [4, 0], [2, 1], [1, 5], [5, 6], [6, 2], [3, 7], [7, 4], [4, 3], [5, 4], [4, 7], [7, 5], [5, 1], [1, 0], [0, 5], [3, 2], [2, 6], [6, 7], [7, 3], [5, 0], [0, 4], [4, 5], [5, 7], [7, 6], [6, 5]]}
