{"verts": [[0.0, -0.24274690774293603, -0.37162310398305404], [1.0, 0.0, -0.4054525853916859], [0.0, 0.0, -0.0], [0.0, 0.0, -2.6617713810190264], [-1.0, 0.0, -0.4054525853916859], [0.0, 0.9031849302114461, -0.5181185459772288]], "elements": [[0, 1], [1, 2], [2, 0], [0, 3], [3, 1], [1, 0], [3, 0], [0, 4], [4, 3], [4, 0], [0, 2], [2, 4], [5, 4], [4, 2], [2, 5], [5, 3], [3, 4], [4, 5], [3, 5], [5, 1], [1, 3], [1, 5], [5, 2], [2, 1], [4, 3], [3, 1], [1, 2], [2, 4]]}
